admin_id,admin_name,email,password
a-1,Broderic,bdagg0@theglobeandmail.com,5OElrcF
a-2,Thekla,tdobrowski1@cnet.com,of9EVzbmh
a-3,Hollie,hlammerding2@msu.edu,S5KcEtb
a-4,Rodi,rmckern3@trellian.com,zAbrNQV0W0pe
a-5,Saloma,snolin4@google.cn,b1dItB
a-6,Stavro,scompson5@dell.com,aDj0b5fM
a-7,Ogdan,ochurchin6@sphinn.com,Czq6OHjoHYI
a-8,Cordy,chasty7@businesswire.com,mk8Rz45rSIx
a-9,Klara,klantuffe8@answers.com,64cTUPcd
a-10,Mercedes,mkeavy9@cnet.com,4dahiTVkAhR
a-11,Suzanne,spowdera@webs.com,JmClnqMtShw
a-12,Deane,dpalmerb@slideshare.net,q52z1GkxVN
a-13,Perle,ppagonc@over-blog.com,sr0bu0
a-14,Aurora,atealed@go.com,ayUhEnIzT
a-15,Fallon,fwoloschinskie@joomla.org,e4htNYwka
a-16,Cull,crosensteinf@amazonaws.com,Uo7KR2K6whGo
a-17,Norrie,nmcguffogg@seattletimes.com,jfxw7PopCW
a-18,Niall,nrosenvasserh@aboutads.info,WOXjMtkKMjT
a-19,Aksel,ascarboroughi@amazon.co.jp,DcQqTRWHzya
a-20,Fiorenze,fmarchj@desdev.cn,TUag4JX2Zx
a-21,Drusy,dwoodroughk@nps.gov,7mv0GWhCS
a-22,Halley,hlackyl@surveymonkey.com,aUqQteyR3XF
a-23,Ethyl,eriggsm@hubpages.com,u4YokcWpM
a-24,Innis,ieggintonn@naver.com,ztqzAjXG
a-25,Griswold,gmccartano@bandcamp.com,curjDtiFZcx
a-26,Worden,wfarnellp@cargocollective.com,GLylfrK
a-27,Teddy,tbishopq@shareasale.com,AISAXo
a-28,Alaine,asivornr@thetimes.co.uk,CqFhW0Pw
a-29,Kingston,kmahys@simplemachines.org,WNku7uask
a-30,Maridel,mlammint@prlog.org,87WvMGXBe
a-31,Cobby,cmurfinu@soup.io,THXRB1l96
a-32,Charil,ckuschkev@printfriendly.com,YdKulU6XL
a-33,Danice,dsaigerw@hhs.gov,Visn4GdW9QF
a-34,Quintus,qslavinx@google.it,A5dcao8Uwh
a-35,Adolphus,ajaycocky@t-online.de,TbcYK0P4vM
a-36,Paula,pmacmechanz@usatoday.com,rg43Dm14kuKr
a-37,Dag,dbage10@hud.gov,P2Rsuf6r4S
a-38,Vannie,vbenech11@mapquest.com,6YjdYz
a-39,Rudd,rarnopp12@intel.com,QqHTd7gQk
a-40,Douglas,dmanass13@parallels.com,3v9RzcOR
a-41,Sherye,sdossit14@istockphoto.com,WLnhkQc7
a-42,Gill,gminelli15@telegraph.co.uk,KwioR3pGINY
a-43,Stefan,sborchardt16@delicious.com,SvILcRy9F0
a-44,Donn,deeles17@google.co.uk,HohiB5P1gd
a-45,Wash,wgrubb18@apache.org,jnZnEU8
a-46,Darya,dorta19@mysql.com,TZ3SXxcnBueI
a-47,Myrtie,mruck1a@washington.edu,fWn2p7slwt4
a-48,Louis,lcruddas1b@usa.gov,f7hHnOVdq8
a-49,Darby,dschmidt1c@shinystat.com,sVSnb4iz
a-50,Bobby,bsigars1d@elpais.com,6CbPEH1Aqeb