user_id,employee_id,user_name
u-4,e-2,Wendell
u-5,e-1,Kalil
u-6,e-2,Myrvyn
u-7,e-3,Kalle
u-8,e-5,Bartholomeo
u-9,e-6,Kingsly
u-10,e-4,Orv
u-11,e-10,Brendon
u-12,e-8,Thaddus
u-13,e-10,Noach
u-14,e-12,Hector
u-15,e-13,Vladamir
a-1,e-2,Madge
a-2,e-1,Devan
a-3,e-2,Cathi
a-4,e-3,Cary
a-5,e-5,Mahmud
a-6,e-6,Clarance
a-7,e-4,Benn
a-8,e-10,Curcio
a-9,e-8,Randell
a-10,e-10,Emmie
a-11,e-12,Elly
a-12,e-13,Eva
a-13,e-14,Annalise
a-14,e-15,Blake
a-15,e-16,Ahmed
a-16,e-14,Tabatha
a-17,e-16,Griff
a-18,e-20,Arvie
a-19,e-15,Keelia
a-20,e-25,Vance
a-21,e-21,Witty
a-22,e-22,Devondra
a-23,e-25,Duane
a-24,e-26,Salome
a-25,e-30,Lark
a-26,e-33,Jecho
a-27,e-34,Yettie
a-28,e-35,Norri
a-29,e-36,Halie
a-30,e-40,Sasha
a-31,e-38,Natty
a-32,e-44,Aveline
a-33,e-50,Nils
a-34,e-37,Germain
a-35,e-47,Con
a-36,e-48,Loralee
a-37,e-28,Xymenes
a-38,e-29,Lauralee
a-39,e-33,Hoyt
a-40,e-22,Webb
a-41,e-11,Clare
a-42,e-44,Hyatt
a-43,e-29,Rahel
a-44,e-39,Pamela
a-45,e-49,Sophia
a-46,e-24,Lorna
a-47,e-14,Winnie
a-48,e-15,Michelina
a-49,e-25,Amabelle
a-50,e-4,Daffy
b-1,e-10,Thatcher
b-2,e-8,Amanda
b-3,e-10,Augie
b-4,e-12,Rick
b-5,e-13,Munmro
b-6,e-14,Bjorn
b-7,e-15,Alli
b-8,e-16,Kiersten
b-9,e-14,Gloria
b-10,e-16,Hallie
b-11,e-20,Coral
b-12,e-15,Wat
b-13,e-25,Ches
b-14,e-21,Elliott
b-15,e-22,Bogey
b-16,e-25,Jaimie
b-17,e-26,Twila
b-18,e-30,Lucienne
b-19,e-33,Chariot
b-20,e-34,Schuyler
b-21,e-35,Eugine
b-22,e-36,Sibilla
b-23,e-40,Goldie
b-24,e-38,Vassili
b-25,e-44,Nessi
b-26,e-50,Shanna
b-27,e-37,Raine
b-28,e-47,Lorenzo
b-29,e-48,Des
b-30,e-28,Honor
b-31,e-29,Consalve
b-32,e-33,Keely
b-33,e-22,Shela
b-34,e-11,Cam
b-35,e-44,Sabine
b-36,e-29,Husain
b-37,e-39,Pebrook
b-38,e-49,Bonnee
b-39,e-24,Selena
b-40,e-14,Gayle
b-41,e-15,Lynnette
b-42,e-25,Alissa
b-43,e-4,Johnna
b-44,e-5,Hobey
b-45,e-8,Lacie
b-46,e-45,Isidora
b-47,e-43,Jose
b-48,e-33,Harvey
b-49,e-34,Kane
b-50,e-23,Maryann